{
  "setup": {
    "description": "Nuclearity ablation: set gamma=1.0 so satellite count has no effect; prominence becomes depth-only.",
    "alpha": 0.8,
    "baseline_gamma": 0.5,
    "ablation_gamma": 1.0,
    "svm": {
      "kernel": "rbf",
      "C": 10,
      "gamma": 0.1,
      "degree": 3
    }
  },
  "triplet_counts": {
    "train": 3679,
    "val": 459,
    "test": 461
  },
  "baseline": {
    "val": {
      "accuracy": 0.6546840958605664,
      "macro_f1": 0.6509459649105973,
      "confusion_matrix": [
        [
          253,
          206
        ],
        [
          111,
          348
        ]
      ],
      "samples": 918
    },
    "test": {
      "accuracy": 0.6507592190889371,
      "macro_f1": 0.6466020064660201,
      "confusion_matrix": [
        [
          250,
          211
        ],
        [
          111,
          350
        ]
      ],
      "samples": 922
    }
  },
  "ablation_depth_only": {
    "val": {
      "accuracy": 0.7124183006535948,
      "macro_f1": 0.7091031304013828,
      "confusion_matrix": [
        [
          278,
          181
        ],
        [
          83,
          376
        ]
      ],
      "samples": 918
    },
    "test": {
      "accuracy": 0.6811279826464208,
      "macro_f1": 0.6800304071919618,
      "confusion_matrix": [
        [
          287,
          174
        ],
        [
          120,
          341
        ]
      ],
      "samples": 922
    }
  },
  "delta_ablation_minus_baseline": {
    "val_macro_f1": 0.058157165490785534,
    "test_macro_f1": 0.033428400725941776
  }
}